{
  "rmse": 50.643404051926474,
  "rmsle": 0.23292418183715036,
  "r2": 0.9514354481379884
}